Media ID,Media created,Day of week,Media type,Media caption,Comments count,Like count,Media impressions,Media reach,Unique saves
1.8093E+16,05/02/2020 11:18,3 Wednesday,IMAGE,"Cambiemos M√©xico, una playera a la vez.
¬°Solo hoy: pide tu playera y rec√≠bela en 2 semanas en tu domicilio!",0,59,1950,1673,9
1.80225E+16,06/02/2020 10:58,4 Thursday,IMAGE,"¬øTu tambi√©n quieres una playera as√≠? 
Nos vemos este domingo en @puntobazarmx ¬°No te quedes sin la tuya!",1,72,2292,2009,9
1.78446E+16,07/02/2020 11:11,5 Friday,IMAGE,"Cambiemos M√©xico, una playera a la vez.

Este domingo 9 de Febrero en @puntobazarmx",3,109,1778,1639,0
1.7887E+16,08/02/2020 16:36,6 Saturday,IMAGE,"Todos nuestros productos son bordados a mano por artesanas mexicanas.

Visita ma√±ana @puntobazarmx y conoce m√°s de nuestro proyecto.",0,66,1889,1632,9
1.80935E+16,09/02/2020 10:50,7 Sunday,IMAGE,"¬°Los esperamos hoy en @puntobazarmx en Nuevo Le√≥n 80, Condesa!",0,87,2649,2246,15
1.78442E+16,11/02/2020 11:12,2 Tuesday,IMAGE,"En Xhind√≥ todos nuestros productos son 100% mexicanos, artesanales, de calidad y principalmente hechos con cari√±o y dedicaci√≥n.",7,106,2015,1796,6
1.78709E+16,16/02/2020 18:53,7 Sunday,IMAGE,"Mi nombre es Tomasa Chavarr√≠a. Me levanto a las 6 para prepararle de comer a mi familia. Raspo los magueyes, cuido mis burros y mis borregos. Hago los quehaceres y repetimos. He estado aqu√≠ en Saucillo mis 47 a√±os. Comenc√© a bordar a los 8 a√±os. En Actopan una mujer muda me ense√±√≥ a tejer.
‚Äã
Este proyecto me motiva para poder conseguir medicina para mi hijo Luis que se enferma muy seguido. El proceso comenz√≥ siendo lento y muy dif√≠cil. Me daban nervios tantos dise√±os chiquitos, el estampado, intentar no quemar las playeras. Pero mi frase favorita es ‚Äúquerer es poder‚Äù y la intento seguir en ese proyecto.

Conoce m√°s sobre las artesanas, sus vidas y su trabajo en nuestra p√°gina.",1,24,949,881,0
1.79159E+16,18/02/2020 15:11,2 Tuesday,IMAGE,"¬øUn d√≠a normal?
‚Äã
De lunes a viernes me levanto a las 5:30 para prepararle el desayuno a mis hijos antes de que se vayan a la escuela: Michel a las 7:30 y Ramiro a las 8. Antes de que regresen ayudo con los animalitos por aqu√≠, cuido a mi mam√° y bordo.

Mi nombre es Reyna, mi abuela me sentaba a su lado y me ense√±aba a bordar rosas. Bordar me recuerda a ella. El bordado es un reto. Ya me di cuenta de que cada vez puedo hacer m√°s, le echo muchas ganas y me ayuda.

Conoce m√°s sobre las artesanas, su vida, su comunidad y su trabajo en nuestra p√°gina.",3,65,1780,1556,2
1.79392E+16,28/02/2020 10:33,5 Friday,IMAGE,"Soy Antonia Bautista, tengo 34 a√±os. Mis ni√±os se llaman Adair de Jesus, de 5 a√±os y Abril Iveth de 1 a√±o y medio. Me encanta cocinar y los chiles rellenos son mi mejor platillo. A veces, le ayudo a mi esposo en el campo.
En mis ratos libres es cuando coso. Espero que les gusten las playeras, que valoren el esfuerzo que llev√≥ hacerla y que vengan a conocer d√≥nde empez√≥ todo. ‚ÄúBordar me motiva para poder sacar adelante a mi familia. No hay nada m√°s hermoso.‚Äù",2,72,2329,2006,6
1.78819E+16,29/02/2020 16:38,6 Saturday,IMAGE,"Cambiemos M√©xico, una playera a la vez.",0,47,1140,1013,0
1.80946E+16,03/03/2020 12:44,2 Tuesday,IMAGE,"Este mes tendremos varias ventas, acomp√°√±anos y compra una playera 100% mexicana, artesanal y con causa.",2,137,2641,1985,4
1.80267E+16,06/03/2020 11:25,5 Friday,IMAGE,Viste mexicano,0,119,1797,1478,5
1.78746E+16,19/03/2020 19:10,4 Thursday,IMAGE,"Hoy 19 de Marzo festejamos a todas las artesanas y artesanos de nuestro pa√≠s. Principalmente queremos honrar a Antonia, Margarita, Reyna, Aurelia, Matilde, Tomasa y Ang√©lica por sus incre√≠bles bordados y todo el empe√±o y cari√±o que le ponen.",1,81,1634,1418,5
1.80998E+16,28/03/2020 19:39,6 Saturday,IMAGE,¬°Ya contamos con env√≠os a toda la rep√∫blica! ¬°No te quedes sin la tuya!,0,58,1511,1386,0
1.80821E+16,31/03/2020 15:17,2 Tuesday,IMAGE,"En estos tiempos dif√≠ciles para todos, apoyemos iniciativas locales que benefician a familias mexicanas.
Env√≠os a toda la rep√∫blica.",0,88,2148,1872,19
1.78454E+16,06/04/2020 18:26,1 Monday,IMAGE,Atr√©vete a crear nuevas aventuras.,2,60,1636,1450,7
1.81378E+16,12/04/2020 19:49,7 Sunday,IMAGE,"Saucillo, Hidalgo en el municipio de Actopan. Lugar de cactuses, magueyes, hermosos atardeceres y d√≥nde se bordan con cari√±o y dedicaci√≥n todas y cada una de las playeras de Xhind√≥.",0,62,2063,1855,6
1.79484E+16,14/04/2020 17:55,2 Tuesday,IMAGE,"En estos tiempos dif√≠ciles que estamos viviendo como pa√≠s y humanidad, hoy m√°s que nunca es importante ser solidarios, emp√°ticos y ayudar a quienes m√°s lo necesitan. 
Queremos invitarte a apoyar a aquellas iniciativas locales que se ven especialmente afectadas por la pandemia y que benefician a comunidades vulnerables.",1,79,1952,1707,4
1.81074E+16,18/04/2020 11:13,6 Saturday,IMAGE,"Trabajamos con artesanas mexicanas para ofrecer productos de calidad, √∫nicos e irrepetibles y que adem√°s benefician directamente a comunidades vulnerables.",1,82,2022,1775,12
1.7934E+16,21/04/2020 19:31,2 Tuesday,IMAGE,"Encontramos un aliado estrat√©gico, el talento.",1,91,1902,1657,11
1.78607E+16,23/04/2020 16:16,4 Thursday,IMAGE,Cada una de las playeras de Xhind√≥ tiene un bordado hecho a mano √∫nico.,0,66,1622,1442,5
1.81258E+16,25/04/2020 18:19,6 Saturday,IMAGE,Una playera √∫nica.,0,103,2354,1985,2
1.78554E+16,28/04/2020 18:07,2 Tuesday,IMAGE,"En Xhind√≥ somos aut√©nticos, cada uno de los bordados de nuestras playeras es distinto a cualquier otro.",0,81,1238,1117,0
1.79469E+16,29/04/2020 13:26,3 Wednesday,IMAGE,"Si la playera que buscas no se encuentra disponible en nuestra p√°gina, env√≠anos un DM o un correo para producirla en nuestro siguiente lote.",0,48,1205,1039,1
1.7873E+16,30/04/2020 17:14,4 Thursday,IMAGE,Compra con causa.,2,46,1542,1320,7
1.7868E+16,02/05/2020 19:50,6 Saturday,IMAGE,¬øSabias que cada una de nuestras playeras viene con una foto y carta escrita por la artesana que la cre√≥?,0,76,1300,1175,0
1.78556E+16,04/05/2020 20:09,1 Monday,IMAGE,"¬øNo encuentras tu talla disponible en nuestra p√°gina?
Env√≠anos un mensaje y priorizaremos tu pedido en el siguiente lote de producci√≥n.",0,142,1951,1833,2
1.80339E+16,07/05/2020 12:45,4 Thursday,IMAGE,"¬øA√∫n no tienes regalo para este d√≠a de las madres?
Aprovecha nuestro 15% de descuento en toda la tienda hasta el 10 de Mayo.",1,117,2520,2167,2
1.7857E+16,12/05/2020 17:23,2 Tuesday,IMAGE,¬øEstaÃÅs buscando una talla y color especiÃÅfico y no la encuentras disponible en nuestra paÃÅgina? EnviÃÅanos un mensaje y prioriÃÅzanos tu pedido para el lote de produccioÃÅn que estamos por enviar.,1,43,1482,1294,0
1.81183E+16,16/05/2020 16:03,6 Saturday,IMAGE,"Artesanal, mexicano, √∫nico.",1,136,2162,1825,8
1.80944E+16,20/05/2020 19:44,3 Wednesday,IMAGE,Tu estilo.,0,49,1531,1343,8
1.79569E+16,25/05/2020 15:12,1 Monday,IMAGE,"¬°20% de descuento en toda la tienda toda la semana! 
No te quedes sin la tuya.",0,85,2105,1811,0
1.81089E+16,27/05/2020 19:24,3 Wednesday,CAROUSEL_ALBUM,"¬øTe gustoÃÅ la playera ‚ÄúUn poquito de amor‚Äù de @yosoycaztro ?

Pronto podraÃÅs conocer maÃÅs sobre nuestra colaboracioÃÅn.",19,117,2415,1840,4
1.78636E+16,30/05/2020 13:45,6 Saturday,IMAGE,"¬øQuieres aprovechar nuestro 20% de Hot Sale pero no encuentras la playera que buscas? 
Env√≠anos un DM y te anotamos tu pedido para nuestro siguiente lote de producci√≥n y te respetamos el descuento.",1,81,1749,1505,0
1.79443E+16,02/06/2020 10:05,2 Tuesday,IMAGE,‚úäüèø‚úäüèæ‚úäüèΩ‚úäüèº‚úäüèª #BlackoutTuesday,0,57,1221,1140,0
1.78651E+16,05/06/2020 12:00,5 Friday,IMAGE,"Conoce maÃÅs de nuestra colaboracioÃÅn con @ulaki.dc en nuestra paÃÅgina web www.xhindo.com y se parte de su causa con la compra de una playera bordada a mano por artesanas mexicanas‚ú® | #XHINDOÃÅ #UnaPlayeraALaVez
.
.
.
.
.
.
.
.
#mexico #hechoenmeÃÅxico #handmade #slowfashion",6,31,1181,1056,0
1.78572E+16,06/06/2020 12:00,6 Saturday,IMAGE,"√önete al proyecto de @ulaki.dc con la compra de una playera inspirada en la  Huasteca para la conservaci√≥n del parqueüçÉ| #XHIND√ì #UnaPlayeraALaVez
.
.
.
.
.
.
.
.
#Mexico #HandMade #Nature #SlowFashion",0,54,1936,1673,0
1.78966E+16,07/06/2020 11:57,7 Sunday,IMAGE,"¬øQuieres dejar huella? UÃÅnete al proyecto @ulaki.dc comprando una playera inspirada en la Huasteca, el 10% de las ganancias se donaraÃÅ a la conservacioÃÅn del parqueüåæ| #XHINDOÃÅ #UnaPlayeraALaVez .
.
.
.
.
.
.
#Mexico #HechoEnMexico #HandMade #slowfashion",2,40,1095,979,0
1.78576E+16,08/06/2020 12:03,1 Monday,IMAGE,"DisenÃÉo hecho a mano por artesanas mexicanas inspirado en la Huasteca, consigue la tuya y apoya el proyecto de @ulaki.dc üí´| #XHINDOÃÅ #UnaPlayeraALaVez .
.
.
.
.
.
.
.
#Mexico #HechoEnMexico #HandMade #SlowFashion",1,70,2146,1865,3
1.78653E+16,09/06/2020 12:06,2 Tuesday,IMAGE,"Consigue tu playera inspirada en la Huasteca y se parte el proyecto de @ulaki.dc üçÉ| #XHIND√ì #UnaPlayeraALaVez .
.
.
.
.
.
.
.
#Mexico #HechoEnMexico #HandMade #SlowFashion",2,47,1253,1117,5
1.78546E+16,10/06/2020 12:01,3 Wednesday,IMAGE,"Conoce m√°s de nuestra colaboraci√≥n con @ulaki.dc en nuestra p√°gina web www.xhindo.com y se parte del proyecto consiguiendo tu playera inspirada en la Huasteca bordada a mano por artesanas mexicanas‚òÄÔ∏è | #XHIND√ì #UnaPlayeraALaVez
.
.
.
.
.
.
.
.
#Mexico #HechoEnMexico #HandMade #SlowFashion",1,67,1583,1452,6
1.78772E+16,11/06/2020 12:20,4 Thursday,IMAGE,"Conoce m√°s de nuestra colaboraci√≥n con @ulaki.dc en nuestra p√°gina web www.xhindo.com y se parte del proyecto consiguiendo tu playera inspirada en la Huasteca bordada a mano por artesanas mexicanasüåæ| #XHIND√ì #UnaPlayeraALaVez
.
.
.
.
.
.
.
.
#Mexico #HandMade #Nature #SlowFashion",0,60,1870,1628,4
1.78479E+16,17/06/2020 12:10,3 Wednesday,IMAGE,"Se parte de nosotros, se parte de nuestro cambio. | #XHIND√ì #UnaPlayeraALaVez",3,60,3075,2598,4
1.78874E+16,17/06/2020 12:22,3 Wednesday,IMAGE,"Creando nuevas conexiones y nuevos caminos. | #XHIND√ì
#UnaPlayeraALaVez",1,98,1806,1615,1
1.78859E+16,17/06/2020 12:23,3 Wednesday,IMAGE,Nos estamos renovando. | #XHIND√ì #UnaPlayeraALaVez,3,28,1039,964,0
1.79559E+16,18/06/2020 18:10,4 Thursday,IMAGE,"Luchamos contra la falta de oportunidades y el ingreso injusto a personas de comunidades rurales ayudando a nuestras artesanas a empoderarse y tener una buena calidad de vida.üåµ| #XHINDOÃÅ #UnaPlayeraALaVez‚†Ä‚†Ä‚†Ä‚†Ä‚†Ä‚†Ä‚†Ä‚†Ä‚†Ä
.‚†Ä‚†Ä‚†Ä‚†Ä‚†Ä‚†Ä‚†Ä‚†Ä‚†Ä
.‚†Ä‚†Ä‚†Ä‚†Ä‚†Ä‚†Ä‚†Ä‚†Ä‚†Ä
.‚†Ä‚†Ä‚†Ä‚†Ä‚†Ä‚†Ä‚†Ä‚†Ä‚†Ä
.‚†Ä‚†Ä‚†Ä‚†Ä‚†Ä‚†Ä‚†Ä‚†Ä‚†Ä
.‚†Ä‚†Ä‚†Ä‚†Ä‚†Ä‚†Ä‚†Ä‚†Ä‚†Ä
.‚†Ä‚†Ä‚†Ä‚†Ä‚†Ä‚†Ä‚†Ä‚†Ä‚†Ä
.‚†Ä‚†Ä‚†Ä‚†Ä‚†Ä‚†Ä‚†Ä‚†Ä‚†Ä
.‚†Ä‚†Ä‚†Ä‚†Ä‚†Ä‚†Ä‚†Ä‚†Ä‚†Ä
#Artisan #Art #HechoConAmor #HechoAMano #Fashion #Mexico",0,57,2222,1941,8
1.78489E+16,19/06/2020 15:01,5 Friday,IMAGE,"¬øCu√°l es la magia de XHIND√ì? Las manos de nuestro equipo de mujeres artesanas que le dan vida a cada dise√±o, a cada playera. Gracias a ustedes por dar todo su amor en cada puntada. | #XHIND√ì #UnaPlayeraALaVez‚†Ä‚†Ä‚†Ä‚†Ä‚†Ä‚†Ä‚†Ä‚†Ä‚†Ä
.‚†Ä‚†Ä‚†Ä‚†Ä‚†Ä‚†Ä‚†Ä‚†Ä‚†Ä
.‚†Ä‚†Ä‚†Ä‚†Ä‚†Ä‚†Ä‚†Ä‚†Ä‚†Ä
.‚†Ä‚†Ä‚†Ä‚†Ä‚†Ä‚†Ä‚†Ä‚†Ä‚†Ä
.‚†Ä‚†Ä‚†Ä‚†Ä‚†Ä‚†Ä‚†Ä‚†Ä‚†Ä
.‚†Ä‚†Ä‚†Ä‚†Ä‚†Ä‚†Ä‚†Ä‚†Ä‚†Ä
.‚†Ä‚†Ä‚†Ä‚†Ä‚†Ä‚†Ä‚†Ä‚†Ä‚†Ä
.‚†Ä‚†Ä‚†Ä‚†Ä‚†Ä‚†Ä‚†Ä‚†Ä‚†Ä
. ‚†Ä‚†Ä‚†Ä‚†Ä‚†Ä‚†Ä‚†Ä‚†Ä‚†Ä
#Artisan #Art #HechoConAmor #MadeWithLove #HechoAMano #Fashion #Mexico #HechoEnMexico #MadeInMexico",0,350,3407,3036,14
1.78724E+16,19/06/2020 21:00,5 Friday,IMAGE,"La felicidad cobra sentido cuando es compartida. | #XHIND√ì #UnaPlayeraALaVez ‚†Ä‚†Ä‚†Ä‚†Ä‚†Ä‚†Ä‚†Ä‚†Ä‚†Ä
.‚†Ä‚†Ä‚†Ä‚†Ä‚†Ä‚†Ä‚†Ä‚†Ä‚†Ä
.‚†Ä‚†Ä‚†Ä‚†Ä‚†Ä‚†Ä‚†Ä‚†Ä‚†Ä
.‚†Ä‚†Ä‚†Ä‚†Ä‚†Ä‚†Ä‚†Ä‚†Ä‚†Ä
.‚†Ä‚†Ä‚†Ä‚†Ä‚†Ä‚†Ä‚†Ä‚†Ä‚†Ä
.‚†Ä‚†Ä‚†Ä‚†Ä‚†Ä‚†Ä‚†Ä‚†Ä‚†Ä
.‚†Ä‚†Ä‚†Ä‚†Ä‚†Ä‚†Ä‚†Ä‚†Ä‚†Ä
.‚†Ä‚†Ä‚†Ä‚†Ä‚†Ä‚†Ä‚†Ä‚†Ä‚†Ä
#Artisan #Art #HechoConAmor #MadeWithLove #HechoAMano #Fashion #Mexico #HechoEnMexico #MadeInMexico",0,24,838,773,0
1.79187E+16,20/06/2020 12:01,6 Saturday,IMAGE,"""A certain blue enters your soul"" üíô -Henri Matisse| #XHIND√ì #UnaPlayeraALaVez‚†Ä‚†Ä‚†Ä‚†Ä‚†Ä‚†Ä‚†Ä‚†Ä‚†Ä
.‚†Ä‚†Ä‚†Ä‚†Ä‚†Ä‚†Ä‚†Ä‚†Ä‚†Ä
.‚†Ä‚†Ä‚†Ä‚†Ä‚†Ä‚†Ä‚†Ä‚†Ä‚†Ä
.‚†Ä‚†Ä‚†Ä‚†Ä‚†Ä‚†Ä‚†Ä‚†Ä‚†Ä
.‚†Ä‚†Ä‚†Ä‚†Ä‚†Ä‚†Ä‚†Ä‚†Ä‚†Ä
.‚†Ä‚†Ä‚†Ä‚†Ä‚†Ä‚†Ä‚†Ä‚†Ä‚†Ä
.‚†Ä‚†Ä‚†Ä‚†Ä‚†Ä‚†Ä‚†Ä‚†Ä‚†Ä
.‚†Ä‚†Ä‚†Ä‚†Ä‚†Ä‚†Ä‚†Ä‚†Ä‚†Ä
.‚†Ä‚†Ä‚†Ä‚†Ä‚†Ä‚†Ä‚†Ä‚†Ä‚†Ä
#Colores #Colors #Saucillo #Hidalgo #Cielo #Sky #Tradiciones #Traditions #Mexico",0,204,3842,2831,12
1.78746E+16,20/06/2020 15:00,6 Saturday,IMAGE,"""Blue has no dimensions, it is beyond dimensions"" -Yves Klein | #XHIND√ì #UnaPlayeraALaVez‚†Ä‚†Ä‚†Ä‚†Ä‚†Ä‚†Ä‚†Ä‚†Ä‚†Ä
.‚†Ä‚†Ä‚†Ä‚†Ä‚†Ä‚†Ä‚†Ä‚†Ä‚†Ä
.‚†Ä‚†Ä‚†Ä‚†Ä‚†Ä‚†Ä‚†Ä‚†Ä‚†Ä
.‚†Ä‚†Ä‚†Ä‚†Ä‚†Ä‚†Ä‚†Ä‚†Ä‚†Ä
.‚†Ä‚†Ä‚†Ä‚†Ä‚†Ä‚†Ä‚†Ä‚†Ä‚†Ä
.‚†Ä‚†Ä‚†Ä‚†Ä‚†Ä‚†Ä‚†Ä‚†Ä‚†Ä
.‚†Ä‚†Ä‚†Ä‚†Ä‚†Ä‚†Ä‚†Ä‚†Ä‚†Ä
.‚†Ä‚†Ä‚†Ä‚†Ä‚†Ä‚†Ä‚†Ä‚†Ä‚†Ä
.‚†Ä‚†Ä‚†Ä‚†Ä‚†Ä‚†Ä‚†Ä‚†Ä‚†Ä
#Colores #Colors #Saucillo #Hidalgo #Cielo #Sky #Tradiciones #Traditions #Mexico",0,47,946,811,2
1.79181E+16,20/06/2020 21:00,6 Saturday,IMAGE,"Pinceladas en el cielo y una iglesia que llena de colores el corazoÃÅn de Saucillo. üé® | #XHINDOÃÅ #UnaPlayeraALaVez
.‚†Ä‚†Ä‚†Ä‚†Ä‚†Ä‚†Ä‚†Ä‚†Ä‚†Ä
.‚†Ä‚†Ä‚†Ä‚†Ä‚†Ä‚†Ä‚†Ä‚†Ä‚†Ä
.‚†Ä‚†Ä‚†Ä‚†Ä‚†Ä‚†Ä‚†Ä‚†Ä‚†Ä
.‚†Ä‚†Ä‚†Ä‚†Ä‚†Ä‚†Ä‚†Ä‚†Ä‚†Ä
.‚†Ä‚†Ä‚†Ä‚†Ä‚†Ä‚†Ä‚†Ä‚†Ä‚†Ä
.‚†Ä‚†Ä‚†Ä‚†Ä‚†Ä‚†Ä‚†Ä‚†Ä‚†Ä
.‚†Ä‚†Ä‚†Ä‚†Ä‚†Ä‚†Ä‚†Ä‚†Ä‚†Ä
.‚†Ä‚†Ä‚†Ä‚†Ä‚†Ä‚†Ä‚†Ä‚†Ä‚†Ä
#Colores #Colors #Saucillo #Hidalgo #Cielo #Sky #Tradiciones #Traditions #Mexico",0,73,1683,1485,4
1.79118E+16,21/06/2020 12:10,7 Sunday,IMAGE,"Saucillo, Hidalgo; el lugar donde todo comenz√≥, la ra√≠z de lo que el d√≠a de hoy es XHIND√ì. | #XHIND√ì‚†Ä‚†Ä‚†Ä‚†Ä‚†Ä‚†Ä‚†Ä‚†Ä‚†Ä
#UnaPlayeraALaVez‚†Ä‚†Ä‚†Ä‚†Ä‚†Ä‚†Ä‚†Ä‚†Ä‚†Ä
.‚†Ä‚†Ä‚†Ä‚†Ä‚†Ä‚†Ä‚†Ä‚†Ä‚†Ä
.‚†Ä‚†Ä‚†Ä‚†Ä‚†Ä‚†Ä‚†Ä‚†Ä‚†Ä
.‚†Ä‚†Ä‚†Ä‚†Ä‚†Ä‚†Ä‚†Ä‚†Ä‚†Ä
.‚†Ä‚†Ä‚†Ä‚†Ä‚†Ä‚†Ä‚†Ä‚†Ä‚†Ä
.‚†Ä‚†Ä‚†Ä‚†Ä‚†Ä‚†Ä‚†Ä‚†Ä‚†Ä
.‚†Ä‚†Ä‚†Ä‚†Ä‚†Ä‚†Ä‚†Ä‚†Ä‚†Ä
.‚†Ä‚†Ä‚†Ä‚†Ä‚†Ä‚†Ä‚†Ä‚†Ä‚†Ä
. ‚†Ä‚†Ä‚†Ä‚†Ä‚†Ä‚†Ä‚†Ä‚†Ä‚†Ä
#Landscape #Nature #Paisaje #Mexico #Sky",1,106,1823,1666,6
1.78729E+16,21/06/2020 15:00,7 Sunday,IMAGE,"Queremos lograr un desarrollo integral en comunidades rurales a trav√©s del dise√±o, la producci√≥n y la comercializaci√≥n de productos de alta calidad. | #XHIND√ì #UnaPlayeraALaVez‚†Ä‚†Ä‚†Ä‚†Ä‚†Ä‚†Ä‚†Ä‚†Ä‚†Ä .‚†Ä‚†Ä‚†Ä‚†Ä‚†Ä‚†Ä‚†Ä‚†Ä‚†Ä
.‚†Ä‚†Ä‚†Ä‚†Ä‚†Ä‚†Ä‚†Ä‚†Ä‚†Ä
.‚†Ä‚†Ä‚†Ä‚†Ä‚†Ä‚†Ä‚†Ä‚†Ä‚†Ä
.‚†Ä‚†Ä‚†Ä‚†Ä‚†Ä‚†Ä‚†Ä‚†Ä‚†Ä
.‚†Ä‚†Ä‚†Ä‚†Ä‚†Ä‚†Ä‚†Ä‚†Ä‚†Ä
.‚†Ä‚†Ä‚†Ä‚†Ä‚†Ä‚†Ä‚†Ä‚†Ä‚†Ä
.‚†Ä‚†Ä‚†Ä‚†Ä‚†Ä‚†Ä‚†Ä‚†Ä‚†Ä
.‚†Ä‚†Ä‚†Ä‚†Ä‚†Ä‚†Ä‚†Ä‚†Ä‚†Ä
#Landscape #Nature #Paisaje #Mexico #Sky",0,68,1313,1171,3
1.79175E+16,21/06/2020 21:00,7 Sunday,IMAGE,"Saucillo, un paisaje de colores| #XHIND√ì #UnaPlayeraALaVez‚†Ä‚†Ä‚†Ä‚†Ä‚†Ä‚†Ä‚†Ä‚†Ä‚†Ä .‚†Ä‚†Ä‚†Ä‚†Ä‚†Ä‚†Ä‚†Ä‚†Ä‚†Ä
.‚†Ä‚†Ä‚†Ä‚†Ä‚†Ä‚†Ä‚†Ä‚†Ä‚†Ä
.‚†Ä‚†Ä‚†Ä‚†Ä‚†Ä‚†Ä‚†Ä‚†Ä‚†Ä
.‚†Ä‚†Ä‚†Ä‚†Ä‚†Ä‚†Ä‚†Ä‚†Ä‚†Ä
.‚†Ä‚†Ä‚†Ä‚†Ä‚†Ä‚†Ä‚†Ä‚†Ä‚†Ä
.‚†Ä‚†Ä‚†Ä‚†Ä‚†Ä‚†Ä‚†Ä‚†Ä‚†Ä
.‚†Ä‚†Ä‚†Ä‚†Ä‚†Ä‚†Ä‚†Ä‚†Ä‚†Ä
.‚†Ä‚†Ä‚†Ä‚†Ä‚†Ä‚†Ä‚†Ä‚†Ä‚†Ä
#Landscape #Nature #Paisaje #Mexico #Sky",0,227,3405,2884,28
1.78432E+16,22/06/2020 12:01,1 Monday,IMAGE,"NUEVA COLAB @enlacerural con el proyecto ""Sembrando agua"". El dise√±o est√° inspirado en el movimiento de las ondas del agua. Conoce m√°s de esta colaboraci√≥n en nuestra p√°gina www.xhindo.com üíß | #XHIND√ì #UnaPlayeraALaVez
.
.
.
.
.
.
.
.
#Mexico #HechoEnMexico #HandMade #HechoConAmor #HechoAMano #Fashion",2,114,2023,1707,10
1.8106E+16,24/06/2020 12:01,3 Wednesday,IMAGE,"DISPONIBLES YA LA VENTA. Se donaraÃÅn $100 por cada playera vendida para la instalacioÃÅn de SISTEMAS SEMILLA. Visita nuestra paÃÅgina web www.xhindo.com para conocer maÃÅs del proyecto ""Sembrando agua"" de @enlaceruralüíß| #XHINDOÃÅ #UnaPlayeraALaVez
.
.
.
.
.
.
.
.
#Embroidery #Mexico #HechoEnMexico #HandMade #HechoConAmor #hechoamano",7,42,1168,1053,1
1.79184E+16,25/06/2020 15:01,4 Thursday,IMAGE,"¬°YA A LA VENTA! Adelantamos la fecha para que seas parte de esta causa. Realiza tu pedido en nuestra paÃÅgina web antes de las 12 del diÃÅa de manÃÉana para mandarlo a producir este fin de semana. Apoyemos el proyecto ""Sembrando agua"" de @enlacerural üíß| #XHINDOÃÅ #UnaPlayeraALaVez .
.
.
.
.
.
.
.
#Embroidery #HandEmbroidery #BordadoAMano #HandMade #MadeInMexico #HechoEnMexico #mexico",0,79,1903,1615,6
1.78542E+16,30/06/2020 12:00,2 Tuesday,IMAGE,"Cada bordado lleva consigo una historia üßµ| #XHINDOÃÅ #UnaPlayeraALaVez
.
.
.
.
.
.
.
.
#Embroidey #HechoAMano #Mexico #HechoConAmor #HandMade",1,30,1569,1386,0
1.78422E+16,03/07/2020 12:00,5 Friday,IMAGE,"Crece y florece, hasta en los tiempos de sequiÃÅaüåµ| #XHINDOÃÅ #UnaPlayeraALaVez 
.‚†Ä‚†Ä‚†Ä‚†Ä‚†Ä‚†Ä‚†Ä‚†Ä‚†Ä
.‚†Ä‚†Ä‚†Ä‚†Ä‚†Ä‚†Ä‚†Ä‚†Ä‚†Ä
.‚†Ä‚†Ä‚†Ä‚†Ä‚†Ä‚†Ä‚†Ä‚†Ä‚†Ä
.‚†Ä‚†Ä‚†Ä‚†Ä‚†Ä‚†Ä‚†Ä‚†Ä‚†Ä
.‚†Ä‚†Ä‚†Ä‚†Ä‚†Ä‚†Ä‚†Ä‚†Ä‚†Ä
.‚†Ä‚†Ä‚†Ä‚†Ä‚†Ä‚†Ä‚†Ä‚†Ä‚†Ä
.‚†Ä‚†Ä‚†Ä‚†Ä‚†Ä‚†Ä‚†Ä‚†Ä‚†Ä
.‚†Ä‚†Ä‚†Ä‚†Ä‚†Ä‚†Ä‚†Ä‚†Ä‚†Ä
#Embroidery #HandEmbroidery #BordadoAMano #HandMade #MadeInMexico #HechoEnMexico #Mexico",1,53,1252,1122,1
1.80E+16,05/07/2020 12:00,7 Sunday,IMAGE,"Bordados hechos por nuestras guerreras de puntadas.| #XHIND√ì #UnaPlayeraALaVez .‚†Ä‚†Ä‚†Ä‚†Ä‚†Ä‚†Ä‚†Ä‚†Ä‚†Ä
.‚†Ä‚†Ä‚†Ä‚†Ä‚†Ä‚†Ä‚†Ä‚†Ä‚†Ä
.‚†Ä‚†Ä‚†Ä‚†Ä‚†Ä‚†Ä‚†Ä‚†Ä‚†Ä
.‚†Ä‚†Ä‚†Ä‚†Ä‚†Ä‚†Ä‚†Ä‚†Ä‚†Ä
.‚†Ä‚†Ä‚†Ä‚†Ä‚†Ä‚†Ä‚†Ä‚†Ä‚†Ä
.‚†Ä‚†Ä‚†Ä‚†Ä‚†Ä‚†Ä‚†Ä‚†Ä‚†Ä
.‚†Ä‚†Ä‚†Ä‚†Ä‚†Ä‚†Ä‚†Ä‚†Ä‚†Ä
.‚†Ä‚†Ä‚†Ä‚†Ä‚†Ä‚†Ä‚†Ä‚†Ä‚†Ä
#Embroidery #HandEmbroidery #BordadoAMano #HandMade #MadeInMexico #HechoEnMexico #Mexico",0,64,2466,2057,11
1.79476E+16,09/07/2020 12:36,4 Thursday,CAROUSEL_ALBUM,"EDICIOÃÅN LIMITADA ""Un Poquito de Amor"" en COLAB con @yosoycaztro üåûüåõ ¬°Consigue la tuya y se parte de nuestra causa! Para maÃÅs informacioÃÅn visita nuestra paÃÅgina www.xhindo.com üí´| #XHINDOÃÅ #UnaPlayeraALaVez
.
.‚†Ä‚†Ä‚†Ä‚†Ä‚†Ä‚†Ä‚†Ä‚†Ä‚†Ä
.‚†Ä‚†Ä‚†Ä‚†Ä‚†Ä‚†Ä‚†Ä‚†Ä‚†Ä
.‚†Ä‚†Ä‚†Ä‚†Ä‚†Ä‚†Ä‚†Ä‚†Ä‚†Ä
.‚†Ä‚†Ä‚†Ä‚†Ä‚†Ä‚†Ä‚†Ä‚†Ä‚†Ä
.‚†Ä‚†Ä‚†Ä‚†Ä‚†Ä‚†Ä‚†Ä‚†Ä‚†Ä
.‚†Ä‚†Ä‚†Ä‚†Ä‚†Ä‚†Ä‚†Ä‚†Ä‚†Ä
.‚†Ä‚†Ä‚†Ä‚†Ä‚†Ä‚†Ä‚†Ä‚†Ä‚†Ä
#Embroidery #HandEmbroidery #BordadoAMano #HandMade #MadeInMexico #HechoEnMexico #Mexico",4,61,1195,1095,0
1.79061E+16,12/07/2020 12:17,7 Sunday,IMAGE,"EDICIOÃÅN LIMITADA‚ú® Los tres modelos de la playera ""Un poquito de Amor"" se inspiraron en la paleta de colores del video @yosoycaztro üåû ¬°Dale clic al link en bio para elegir la que maÃÅs te guste! üí´| #XHINDOÃÅ #UnaPlayeraALaVez
.
.
.
.
.
.
.
.

#Embroidery #HandEmbroidery #BordadoAMano #HandMade #MadeInMexico #HechoEnMexico #Mexico",1,64,1813,1599,0
1.79224E+16,15/07/2020 12:00,3 Wednesday,IMAGE,"""T√∫ eres la Luna y yo soy el Sol"". Date un poquito de amor y consigue la tuya en el link en bio.  #XHIND√ì #UnaPlayeraALaVez ‚†Ä‚†Ä‚†Ä‚†Ä‚†Ä‚†Ä‚†Ä‚†Ä‚†Ä
.‚†Ä‚†Ä‚†Ä‚†Ä‚†Ä‚†Ä‚†Ä‚†Ä‚†Ä
.‚†Ä‚†Ä‚†Ä‚†Ä‚†Ä‚†Ä‚†Ä‚†Ä‚†Ä
.‚†Ä‚†Ä‚†Ä‚†Ä‚†Ä‚†Ä‚†Ä‚†Ä‚†Ä
.‚†Ä‚†Ä‚†Ä‚†Ä‚†Ä‚†Ä‚†Ä‚†Ä‚†Ä
.‚†Ä‚†Ä‚†Ä‚†Ä‚†Ä‚†Ä‚†Ä‚†Ä‚†Ä
.‚†Ä‚†Ä‚†Ä‚†Ä‚†Ä‚†Ä‚†Ä‚†Ä‚†Ä
.‚†Ä‚†Ä‚†Ä‚†Ä‚†Ä‚†Ä‚†Ä‚†Ä‚†Ä
.‚†Ä‚†Ä‚†Ä‚†Ä‚†Ä‚†Ä‚†Ä‚†Ä‚†Ä
#Embroidery #HandEmbroidery #BordadoAMano #HandMade #MadeInMexico #HechoEnMexico #Mexico",4,113,2251,1980,7
1.79189E+16,27/07/2020 18:30,1 Monday,IMAGE,"Los claÃÅsicos nunca pasan de moda, y mucho menos en nuestro SUMMER SALE üî•| #XHINDOÃÅ #UnaPlayeraALaVez‚†Ä‚†Ä‚†Ä‚†Ä‚†Ä‚†Ä‚†Ä‚†Ä‚†Ä
.‚†Ä‚†Ä‚†Ä‚†Ä‚†Ä‚†Ä‚†Ä‚†Ä‚†Ä
.‚†Ä‚†Ä‚†Ä‚†Ä‚†Ä‚†Ä‚†Ä‚†Ä‚†Ä
.‚†Ä‚†Ä‚†Ä‚†Ä‚†Ä‚†Ä‚†Ä‚†Ä‚†Ä
.‚†Ä‚†Ä‚†Ä‚†Ä‚†Ä‚†Ä‚†Ä‚†Ä‚†Ä
.‚†Ä‚†Ä‚†Ä‚†Ä‚†Ä‚†Ä‚†Ä‚†Ä‚†Ä
.‚†Ä‚†Ä‚†Ä‚†Ä‚†Ä‚†Ä‚†Ä‚†Ä‚†Ä
.‚†Ä‚†Ä‚†Ä‚†Ä‚†Ä‚†Ä‚†Ä‚†Ä‚†Ä
.‚†Ä‚†Ä‚†Ä‚†Ä‚†Ä‚†Ä‚†Ä‚†Ä‚†Ä
#Embroidery #HandEmbroidery #BordadoAMano #HandMade #MadeInMexico #HechoEnMexico #Mexico",0,53,1388,1225,10
1.78632E+16,28/07/2020 12:00,2 Tuesday,IMAGE,"El mandala es un diagrama simb√≥lico que, en el budismo, representa la evoluci√≥n del universo... Consigue tu playera en nuestro SUMMER SALE| #XHIND√ì #UnaPlayeraALaVez ‚†Ä‚†Ä‚†Ä‚†Ä‚†Ä‚†Ä‚†Ä‚†Ä‚†Ä
.‚†Ä‚†Ä‚†Ä‚†Ä‚†Ä‚†Ä‚†Ä‚†Ä‚†Ä
.‚†Ä‚†Ä‚†Ä‚†Ä‚†Ä‚†Ä‚†Ä‚†Ä‚†Ä
.‚†Ä‚†Ä‚†Ä‚†Ä‚†Ä‚†Ä‚†Ä‚†Ä‚†Ä
.‚†Ä‚†Ä‚†Ä‚†Ä‚†Ä‚†Ä‚†Ä‚†Ä‚†Ä
.‚†Ä‚†Ä‚†Ä‚†Ä‚†Ä‚†Ä‚†Ä‚†Ä‚†Ä
.‚†Ä‚†Ä‚†Ä‚†Ä‚†Ä‚†Ä‚†Ä‚†Ä‚†Ä
.‚†Ä‚†Ä‚†Ä‚†Ä‚†Ä‚†Ä‚†Ä‚†Ä‚†Ä
.‚†Ä‚†Ä‚†Ä‚†Ä‚†Ä‚†Ä‚†Ä‚†Ä‚†Ä
#Embroidery #HandEmbroidery #BordadoAMano #HandMade #MadeInMexico #HechoEnMexico #Mexico",3,57,2146,1885,0
1.78484E+16,29/07/2020 12:01,3 Wednesday,IMAGE,"As√≠ se siente traer a M√©xico en la playera. No te quedes sin la tuya y aprovecha nuestro SUMMER SALE|#XHIND√ì #UnaPlayeraALaVez ‚†Ä‚†Ä‚†Ä‚†Ä‚†Ä‚†Ä‚†Ä‚†Ä‚†Ä
.‚†Ä‚†Ä‚†Ä‚†Ä‚†Ä‚†Ä‚†Ä‚†Ä‚†Ä
.‚†Ä‚†Ä‚†Ä‚†Ä‚†Ä‚†Ä‚†Ä‚†Ä‚†Ä
.‚†Ä‚†Ä‚†Ä‚†Ä‚†Ä‚†Ä‚†Ä‚†Ä‚†Ä
.‚†Ä‚†Ä‚†Ä‚†Ä‚†Ä‚†Ä‚†Ä‚†Ä‚†Ä
.‚†Ä‚†Ä‚†Ä‚†Ä‚†Ä‚†Ä‚†Ä‚†Ä‚†Ä
.‚†Ä‚†Ä‚†Ä‚†Ä‚†Ä‚†Ä‚†Ä‚†Ä‚†Ä
.‚†Ä‚†Ä‚†Ä‚†Ä‚†Ä‚†Ä‚†Ä‚†Ä‚†Ä
.‚†Ä‚†Ä‚†Ä‚†Ä‚†Ä‚†Ä‚†Ä‚†Ä‚†Ä
#Embroidery #HandEmbroidery #BordadoAMano #HandMade #MadeInMexico #HechoEnMexico #Mexico",0,58,1348,1196,0
1.79086E+16,30/07/2020 12:01,4 Thursday,IMAGE,"Aprovecha nuestro SUMMER SALE y consigue tus #basics |#XHIND√ì #UnaPlayeraALaVez ‚†Ä‚†Ä‚†Ä‚†Ä‚†Ä‚†Ä‚†Ä‚†Ä‚†Ä
.‚†Ä‚†Ä‚†Ä‚†Ä‚†Ä‚†Ä‚†Ä‚†Ä‚†Ä
.‚†Ä‚†Ä‚†Ä‚†Ä‚†Ä‚†Ä‚†Ä‚†Ä‚†Ä
.‚†Ä‚†Ä‚†Ä‚†Ä‚†Ä‚†Ä‚†Ä‚†Ä‚†Ä
.‚†Ä‚†Ä‚†Ä‚†Ä‚†Ä‚†Ä‚†Ä‚†Ä‚†Ä
.‚†Ä‚†Ä‚†Ä‚†Ä‚†Ä‚†Ä‚†Ä‚†Ä‚†Ä
.‚†Ä‚†Ä‚†Ä‚†Ä‚†Ä‚†Ä‚†Ä‚†Ä‚†Ä
.‚†Ä‚†Ä‚†Ä‚†Ä‚†Ä‚†Ä‚†Ä‚†Ä‚†Ä
.‚†Ä‚†Ä‚†Ä‚†Ä‚†Ä‚†Ä‚†Ä‚†Ä‚†Ä
#Embroidery #HandEmbroidery #BordadoAMano #HandMade #MadeInMexico #HechoEnMexico #Mexico",0,37,1660,1440,5
1.78784E+16,31/07/2020 12:02,5 Friday,IMAGE,"SUMMER SALE 15% y 20% de descuento en nuestros #basics ¬°Aprov√©chalo!| #XHIND√ì #UnaPlayeraALaVez‚†Ä‚†Ä‚†Ä‚†Ä‚†Ä‚†Ä‚†Ä‚†Ä‚†Ä
.‚†Ä‚†Ä‚†Ä‚†Ä‚†Ä‚†Ä‚†Ä‚†Ä‚†Ä
.‚†Ä‚†Ä‚†Ä‚†Ä‚†Ä‚†Ä‚†Ä‚†Ä‚†Ä
.‚†Ä‚†Ä‚†Ä‚†Ä‚†Ä‚†Ä‚†Ä‚†Ä‚†Ä
.‚†Ä‚†Ä‚†Ä‚†Ä‚†Ä‚†Ä‚†Ä‚†Ä‚†Ä
.‚†Ä‚†Ä‚†Ä‚†Ä‚†Ä‚†Ä‚†Ä‚†Ä‚†Ä
.‚†Ä‚†Ä‚†Ä‚†Ä‚†Ä‚†Ä‚†Ä‚†Ä‚†Ä
.‚†Ä‚†Ä‚†Ä‚†Ä‚†Ä‚†Ä‚†Ä‚†Ä‚†Ä
.‚†Ä‚†Ä‚†Ä‚†Ä‚†Ä‚†Ä‚†Ä‚†Ä‚†Ä
#Embroidery #HandEmbroidery #BordadoAMano #HandMade #MadeInMexico #HechoEnMexico #Mexico",0,249,3451,2707,22
1.78484E+16,01/08/2020 12:01,6 Saturday,IMAGE,"Uno de nuestros dise√±os favoritos. No te quedes sin tu playera, ¬°consigue la tuya en nuestro SUMMER SALE!| #XHIND√ì #UnaPlayeraALaVez‚†Ä‚†Ä‚†Ä‚†Ä‚†Ä‚†Ä‚†Ä‚†Ä‚†Ä
.‚†Ä‚†Ä‚†Ä‚†Ä‚†Ä‚†Ä‚†Ä‚†Ä‚†Ä
.‚†Ä‚†Ä‚†Ä‚†Ä‚†Ä‚†Ä‚†Ä‚†Ä‚†Ä
.‚†Ä‚†Ä‚†Ä‚†Ä‚†Ä‚†Ä‚†Ä‚†Ä‚†Ä
.‚†Ä‚†Ä‚†Ä‚†Ä‚†Ä‚†Ä‚†Ä‚†Ä‚†Ä
.‚†Ä‚†Ä‚†Ä‚†Ä‚†Ä‚†Ä‚†Ä‚†Ä‚†Ä
.‚†Ä‚†Ä‚†Ä‚†Ä‚†Ä‚†Ä‚†Ä‚†Ä‚†Ä
.‚†Ä‚†Ä‚†Ä‚†Ä‚†Ä‚†Ä‚†Ä‚†Ä‚†Ä
.‚†Ä‚†Ä‚†Ä‚†Ä‚†Ä‚†Ä‚†Ä‚†Ä‚†Ä
#Embroidery #HandEmbroidery #BordadoAMano #HandMade #MadeInMexico #HechoEnMexico #Mexico",1,76,1845,1650,4
1.78581E+16,03/08/2020 12:02,1 Monday,IMAGE,"Seguimos con nuestro SUMMER SALE, ¬°no te quedes sin tu #basic favorita!| #XHIND√ì #UnaPlayeraALaVez ‚†Ä‚†Ä‚†Ä‚†Ä‚†Ä‚†Ä‚†Ä‚†Ä‚†Ä
.‚†Ä‚†Ä‚†Ä‚†Ä‚†Ä‚†Ä‚†Ä‚†Ä‚†Ä
.‚†Ä‚†Ä‚†Ä‚†Ä‚†Ä‚†Ä‚†Ä‚†Ä‚†Ä
.‚†Ä‚†Ä‚†Ä‚†Ä‚†Ä‚†Ä‚†Ä‚†Ä‚†Ä
.‚†Ä‚†Ä‚†Ä‚†Ä‚†Ä‚†Ä‚†Ä‚†Ä‚†Ä
.‚†Ä‚†Ä‚†Ä‚†Ä‚†Ä‚†Ä‚†Ä‚†Ä‚†Ä
.‚†Ä‚†Ä‚†Ä‚†Ä‚†Ä‚†Ä‚†Ä‚†Ä‚†Ä
.‚†Ä‚†Ä‚†Ä‚†Ä‚†Ä‚†Ä‚†Ä‚†Ä‚†Ä
.‚†Ä‚†Ä‚†Ä‚†Ä‚†Ä‚†Ä‚†Ä‚†Ä‚†Ä
#Embroidery #HandEmbroidery #BordadoAMano #HandMade #MadeInMexico #HechoEnMexico #Mexico",0,57,1199,1086,0
1.81275E+16,04/08/2020 12:02,2 Tuesday,IMAGE,"Aprovecha nuestros descuentos en este S U M M E R  S A L E y pregunta por tu #basic favorita| #XHIND√ì #UnaPlayeraALaVez ‚†Ä‚†Ä‚†Ä‚†Ä‚†Ä‚†Ä‚†Ä‚†Ä‚†Ä
.‚†Ä‚†Ä‚†Ä‚†Ä‚†Ä‚†Ä‚†Ä‚†Ä‚†Ä
.‚†Ä‚†Ä‚†Ä‚†Ä‚†Ä‚†Ä‚†Ä‚†Ä‚†Ä
.‚†Ä‚†Ä‚†Ä‚†Ä‚†Ä‚†Ä‚†Ä‚†Ä‚†Ä
.‚†Ä‚†Ä‚†Ä‚†Ä‚†Ä‚†Ä‚†Ä‚†Ä‚†Ä
.‚†Ä‚†Ä‚†Ä‚†Ä‚†Ä‚†Ä‚†Ä‚†Ä‚†Ä
.‚†Ä‚†Ä‚†Ä‚†Ä‚†Ä‚†Ä‚†Ä‚†Ä‚†Ä
.‚†Ä‚†Ä‚†Ä‚†Ä‚†Ä‚†Ä‚†Ä‚†Ä‚†Ä
.‚†Ä‚†Ä‚†Ä‚†Ä‚†Ä‚†Ä‚†Ä‚†Ä‚†Ä
#Landscape #Nature #Paisaje #Mexico #Sky",0,53,2146,1811,5
1.78496E+16,07/08/2020 14:00,5 Friday,CAROUSEL_ALBUM,"BARRERAS DE GEÃÅNERO
A pesar de los esfuerzos recientes, las desigualdades de #geÃÅnero siguen siendo de gran magnitud, sobre todo la #desigualdad econoÃÅmica, en donde la brecha salarial es amplia y en contextos de pobreza se agudiza.
Las #mujeres que viven en zonas #rurales presentan un mayor riesgo de estar en pobreza o pobreza extrema, tienen que enfrentar una mayor #discriminacioÃÅn y desigualdad econoÃÅmica; incluso dentro de su propio hogar. Realizan tareas intensas, trabajan muchas horas y de manera informal, estaÃÅn mal remuneradas, tienen escasa proteccioÃÅn social o seguridad de los #ingresos.
Como dijo Guterres, Secretario General de las Naciones Unidas: ‚Äúel #empoderamiento de las mujeres y las ninÃÉas rurales es esencial para construir un futuro proÃÅspero, #equitativo y paciÃÅfico para todos en un planeta sano. Es necesario para lograr la igualdad entre los geÃÅneros, garantizar un trabajo decente para todos y erradicar la #pobreza y el hambre‚Äù, de la mano de #educacioÃÅn, capacitacioÃÅn, liderazgo e inclusioÃÅn de las mujeres y de sus derechos laborales.
AdemaÃÅs, las mujeres en las zonas rurales no solo trabajan en mayor medida en el aÃÅmbito domeÃÅstico sino que tambieÃÅn ayudan en el trabajo agropecuario y #artesanal o manual. Sin embargo, este uÃÅltimo ha sido muy difiÃÅcil de explotar por la falta de demanda y la subvaloracioÃÅn de los productos hechos a mano.
Buscamos romper las barreras de geÃÅnero a traveÃÅs de la #independencia econoÃÅmica y el empoderamiento de la mujer para un futuro maÃÅs equitativo y proÃÅspero.
‚úÖ 7 artesanas y 28 personas impactadas directamente.
‚úÖMejoras en las condiciones de vida de las artesanas, para que haya un equilibrio entre las actividades domeÃÅsticas y las artesaniÃÅas a traveÃÅs de
salarios justos.
‚úÖAumento del 150% en su ingreso mensual promedio y mejoras en su
poder adquisitivo de las necesidades baÃÅsicas.

Plat√≠canos en los comentarios si alguna vez estuviste atrapada en las #barrerasdeg√©nero y cu√©ntanos tu experiencia",10,94,1511,1343,4
1.81548E+16,07/08/2020 14:00,5 Friday,IMAGE,"SUMMER SALE| #XHIND√ì #UnaPlayeraALaVez‚†Ä‚†Ä‚†Ä‚†Ä‚†Ä‚†Ä‚†Ä‚†Ä‚†Ä
.‚†Ä‚†Ä‚†Ä‚†Ä‚†Ä‚†Ä‚†Ä‚†Ä‚†Ä
.‚†Ä‚†Ä‚†Ä‚†Ä‚†Ä‚†Ä‚†Ä‚†Ä‚†Ä
.‚†Ä‚†Ä‚†Ä‚†Ä‚†Ä‚†Ä‚†Ä‚†Ä‚†Ä
.‚†Ä‚†Ä‚†Ä‚†Ä‚†Ä‚†Ä‚†Ä‚†Ä‚†Ä
.‚†Ä‚†Ä‚†Ä‚†Ä‚†Ä‚†Ä‚†Ä‚†Ä‚†Ä
.‚†Ä‚†Ä‚†Ä‚†Ä‚†Ä‚†Ä‚†Ä‚†Ä‚†Ä
.‚†Ä‚†Ä‚†Ä‚†Ä‚†Ä‚†Ä‚†Ä‚†Ä‚†Ä
.‚†Ä‚†Ä‚†Ä‚†Ä‚†Ä‚†Ä‚†Ä‚†Ä‚†Ä
#Embroidery #HandEmbroidery #BordadoAMano #HandMade #MadeInMexico #HechoEnMexico #Mexico",0,67,2294,1938,8
1.78688E+16,10/08/2020 12:50,1 Monday,CAROUSEL_ALBUM,"FALTA DE OPORTUNIDADES
En #M√©xico existe una gran carencia de recursos y #faltadeoportunidades para el pleno desarrollo de las personas que viven en comunidades rurales; acompa√±ado de un profundo olvido y desentendimiento por parte del gobierno y la sociedad civil.
Las #zonasrurales no solo enfrentan un dif√≠cil acceso a #servicios b√°sicos como educaci√≥n y salud, adem√°s, enfrentan un bajo nivel de desarrollo humano. Esto se intensifica por la #marginaci√≥n y la distancia a los centros urbanos que tambi√©n impiden la difusi√≥n de las ideas que homogeneizan las normas de #bienestar y #calidaddevida.
El trabajar con nuestro equipo de creadoras nos ha reafirmado que existe mucho #talento y #motivaci√≥n para salir adelante y muy pocas oportunidades para hacerlo‚Äã. ‚ÄãEn #XHIND√ì queremos formar #v√≠nculos m√°s fuertes entre los sectores y #acortarlabrecha que persiste por medio de #interacciones entre lo econ√≥mico y lo social en lo #rural y #urbano. Asimismo, fomentar el #trabajo remunerado en las comunidades rurales para que no exista la necesidad de que se desplacen a lo urbano en busca de #mejoresoportunidades de trabajo, todo esto de la mano con un #desarrollo humano integral para las poblaciones rurales.",0,55,2256,1977,6
1.7888E+16,14/08/2020 10:55,5 Friday,CAROUSEL_ALBUM,"TRABAJO MAL REMUNERADO
Las #artesan√≠as y el #trabajomanual representan parte de la #identidad de las #comunidades. Sin embargo, la falta de mercado y la #subvaloraci√≥n de los productos han hecho que no se pague de manera #justa.
Muchas de ellas venden sus productos a precios muy bajos, incluso debajo del #costo de #producci√≥n por necesidad. Este sector experimenta muchos retos en donde el mayor es lograr que los #artesanos reciban el verdadero #valor por su #trabajo y entrada en el mercado.
Dado el contexto nacional que existe en #M√©xico, en #XHIND√ì vemos la gran necesidad de transformar el trabajo #hechoamano en una #profesi√≥n, en donde el gran aliado ser√° el talento. Este #talento se convierte en una #oportunidad para darle al trabajo hecho a mano la #valoraci√≥n y #reconocimiento que merece. Queremos introducir productos atractivos que logren reflejar la esencia de cada comunidad por medio del trabajo bien pagado, la no #explotaci√≥n y el reconocimiento del trabajo hecho a mano.",2,65,1720,1468,16
1.81204E+16,14/09/2020 21:05,1 Monday,IMAGE,"En naÃÅhuatl MeÃÅxico significa ‚Äúen el ombligo de la luna‚Äù. En este mes patrio, inspirados en este nombre decidimos crear esta nueva versioÃÅn de nuestro claÃÅsico MeÃÅxico. 

‚ÄúNaciÃÅ en Orizaba, Veracruz pero hasta los 18 anÃÉos viviÃÅ en CoÃÅrdoba, cuando me mudeÃÅ a la CDMX. 
Creo que lo maÃÅs valioso que tenemos como paiÃÅs es nuestra diversidad. Debemos buscar y pelear porque en un futuro, sin importar nuestro color de piel, geÃÅnero, orientacioÃÅn sexual o condicioÃÅn socioeconoÃÅmica, todas y todos tengamos igualdad de oportunidades, mientras celebramos nuestra diversidad.‚Äù

Rodrigo, Marketing XHINDOÃÅ  #XHINDOÃÅ #UnaPlayeraALaVez‚†Ä‚†Ä‚†Ä‚†Ä‚†Ä‚†Ä‚†Ä‚†Ä‚†Ä
.‚†Ä‚†Ä‚†Ä‚†Ä‚†Ä‚†Ä‚†Ä‚†Ä‚†Ä
.‚†Ä‚†Ä‚†Ä‚†Ä‚†Ä‚†Ä‚†Ä‚†Ä‚†Ä
.‚†Ä‚†Ä‚†Ä‚†Ä‚†Ä‚†Ä‚†Ä‚†Ä‚†Ä
.‚†Ä‚†Ä‚†Ä‚†Ä‚†Ä‚†Ä‚†Ä‚†Ä‚†Ä
.‚†Ä‚†Ä‚†Ä‚†Ä‚†Ä‚†Ä‚†Ä‚†Ä‚†Ä
.‚†Ä‚†Ä‚†Ä‚†Ä‚†Ä‚†Ä‚†Ä‚†Ä‚†Ä
.‚†Ä‚†Ä‚†Ä‚†Ä‚†Ä‚†Ä‚†Ä‚†Ä‚†Ä
.‚†Ä‚†Ä‚†Ä‚†Ä‚†Ä‚†Ä‚†Ä‚†Ä‚†Ä
#Embroidery #HandEmbroidery #BordadoAMano #HandMade #MadeInMexico #HechoEnMexico #mexico",1,78,2452,2036,8
1.7852E+16,15/09/2020 12:00,2 Tuesday,IMAGE,"‚ÄúSer mexicana es algo muy bonito, me siento #orgullosa de ser mexicana ya que todo lo #mexicano es muy especial, todo y el color de mi #bandera me gusta mucho [...] Mi infancia la disfruteÃÅ mucho, mi mejor recuerdo es que aprendiÃÅ a coser y #bordar, lo cual me gusta mucho.‚Äù‚†Ä‚†Ä‚†Ä‚†Ä‚†Ä‚†Ä‚†Ä‚†Ä‚†Ä

Aurelia, Creadora XHINDOÃÅ  #XHINDOÃÅ #UnaPlayeraALaVez ‚†Ä‚†Ä‚†Ä‚†Ä‚†Ä‚†Ä‚†Ä‚†Ä‚†Ä
.‚†Ä‚†Ä‚†Ä‚†Ä‚†Ä‚†Ä‚†Ä‚†Ä‚†Ä
.‚†Ä‚†Ä‚†Ä‚†Ä‚†Ä‚†Ä‚†Ä‚†Ä‚†Ä
.‚†Ä‚†Ä‚†Ä‚†Ä‚†Ä‚†Ä‚†Ä‚†Ä‚†Ä
.‚†Ä‚†Ä‚†Ä‚†Ä‚†Ä‚†Ä‚†Ä‚†Ä‚†Ä
.‚†Ä‚†Ä‚†Ä‚†Ä‚†Ä‚†Ä‚†Ä‚†Ä‚†Ä
.‚†Ä‚†Ä‚†Ä‚†Ä‚†Ä‚†Ä‚†Ä‚†Ä‚†Ä
.‚†Ä‚†Ä‚†Ä‚†Ä‚†Ä‚†Ä‚†Ä‚†Ä‚†Ä
.‚†Ä‚†Ä‚†Ä‚†Ä‚†Ä‚†Ä‚†Ä‚†Ä‚†Ä
#Embroidery #HandEmbroidery #BordadoAMano #HandMade #MadeInMexico #HechoEnMexico #mexico",5,73,1418,1247,0
1.79029E+16,16/09/2020 12:35,3 Wednesday,IMAGE,"‚ÄúLucho por un MeÃÅxico en donde exista la #igualdad de oportunidades para todes y que las desigualdades de #geÃÅnero no sean una barrera para la mujeres.‚†Ä‚†Ä‚†Ä‚†Ä‚†Ä‚†Ä‚†Ä‚†Ä‚†Ä
‚†Ä‚†Ä‚†Ä‚†Ä‚†Ä‚†Ä‚†Ä‚†Ä‚†Ä
Por esta razoÃÅn decidiÃÅ formar parte de XhindoÃÅ, para #transformar y hacer valer nuestro poder como agentes de cambio. ‚†Ä‚†Ä‚†Ä‚†Ä‚†Ä‚†Ä‚†Ä‚†Ä‚†Ä
‚†Ä‚†Ä‚†Ä‚†Ä‚†Ä‚†Ä‚†Ä‚†Ä‚†Ä
Debemos de #luchar cada diÃÅa por reducir las brechas que auÃÅn persisten mediante una transformacioÃÅn social que favorezca a todas las mujeres en desventaja.‚Äù 

Leticia, Impacto XHINDOÃÅ  #XHINDOÃÅ #UnaPlayeraALaVez‚†Ä‚†Ä‚†Ä‚†Ä‚†Ä‚†Ä‚†Ä‚†Ä‚†Ä
 .‚†Ä‚†Ä‚†Ä‚†Ä‚†Ä‚†Ä‚†Ä‚†Ä‚†Ä
.‚†Ä‚†Ä‚†Ä‚†Ä‚†Ä‚†Ä‚†Ä‚†Ä‚†Ä
.‚†Ä‚†Ä‚†Ä‚†Ä‚†Ä‚†Ä‚†Ä‚†Ä‚†Ä
.‚†Ä‚†Ä‚†Ä‚†Ä‚†Ä‚†Ä‚†Ä‚†Ä‚†Ä
.‚†Ä‚†Ä‚†Ä‚†Ä‚†Ä‚†Ä‚†Ä‚†Ä‚†Ä
.‚†Ä‚†Ä‚†Ä‚†Ä‚†Ä‚†Ä‚†Ä‚†Ä‚†Ä
.‚†Ä‚†Ä‚†Ä‚†Ä‚†Ä‚†Ä‚†Ä‚†Ä‚†Ä
.‚†Ä‚†Ä‚†Ä‚†Ä‚†Ä‚†Ä‚†Ä‚†Ä‚†Ä
#Embroidery #HandEmbroidery #BordadoAMano #HandMade #MadeInMexico #HechoEnMexico #mexico",5,66,1909,1686,13
1.80658E+16,17/09/2020 12:00,4 Thursday,IMAGE,"‚ÄúFestejo el mes #patrio en mi casa con mi familia, hacemos comida, a veces pozole y vemos los #festejos patrios en la televisioÃÅn.‚†Ä‚†Ä‚†Ä‚†Ä‚†Ä‚†Ä‚†Ä‚†Ä‚†Ä
‚†Ä‚†Ä‚†Ä‚†Ä‚†Ä‚†Ä‚†Ä‚†Ä‚†Ä
Yo soy originaria de Chihuahua y estoy #orgullosa de haber nacido en ese estado. Donde naciÃÅ hay bosque ya que estaÃÅ por la Sierra Tarahumara, es un lugar friÃÅo en temporada invernal y me gustaba ver cuando cae la nieve. TambieÃÅn me gustan las barrancas y los ultramaratones que se llevan a cabo allaÃÅ. ‚†Ä‚†Ä‚†Ä‚†Ä‚†Ä‚†Ä‚†Ä‚†Ä‚†Ä
‚†Ä‚†Ä‚†Ä‚†Ä‚†Ä‚†Ä‚†Ä‚†Ä‚†Ä
En #Saucillo encontreÃÅ mi nuevo hogar y formeÃÅ mi familia‚Äù  #XHINDOÃÅ #UnaPlayeraALaVez .‚†Ä‚†Ä‚†Ä‚†Ä‚†Ä‚†Ä‚†Ä‚†Ä‚†Ä
.‚†Ä‚†Ä‚†Ä‚†Ä‚†Ä‚†Ä‚†Ä‚†Ä‚†Ä
.‚†Ä‚†Ä‚†Ä‚†Ä‚†Ä‚†Ä‚†Ä‚†Ä‚†Ä
.‚†Ä‚†Ä‚†Ä‚†Ä‚†Ä‚†Ä‚†Ä‚†Ä‚†Ä
.‚†Ä‚†Ä‚†Ä‚†Ä‚†Ä‚†Ä‚†Ä‚†Ä‚†Ä
.‚†Ä‚†Ä‚†Ä‚†Ä‚†Ä‚†Ä‚†Ä‚†Ä‚†Ä
.‚†Ä‚†Ä‚†Ä‚†Ä‚†Ä‚†Ä‚†Ä‚†Ä‚†Ä
.‚†Ä‚†Ä‚†Ä‚†Ä‚†Ä‚†Ä‚†Ä‚†Ä‚†Ä
#Embroidery #HandEmbroidery #BordadoAMano #HandMade #MadeInMexico #HechoEnMexico #mexico",1,82,1980,1650,13
1.78821E+16,18/09/2020 12:01,5 Friday,IMAGE,"‚ÄúDe grande me gustariÃÅa ser corredor de motos o estudiar RoboÃÅtica.‚†Ä‚†Ä‚†Ä‚†Ä‚†Ä‚†Ä‚†Ä‚†Ä‚†Ä
‚†Ä‚†Ä‚†Ä‚†Ä‚†Ä‚†Ä‚†Ä‚†Ä‚†Ä
Lo que maÃÅs me gusta de vivir en Saucillo son los aÃÅrboles, el aire libre, que no hay contaminacioÃÅn y que casi no pasan carros. Lo que maÃÅs me gusta de ser mexicano, son todas sus fiestas‚Äù‚†Ä‚†Ä‚†Ä‚†Ä‚†Ä‚†Ä‚†Ä‚†Ä‚†Ä
-AÃÅngel, hijo creadora XHINDOÃÅ  #XHINDOÃÅ #UnaPlayeraALaVez .‚†Ä‚†Ä‚†Ä‚†Ä‚†Ä‚†Ä‚†Ä‚†Ä‚†Ä
.‚†Ä‚†Ä‚†Ä‚†Ä‚†Ä‚†Ä‚†Ä‚†Ä‚†Ä
.‚†Ä‚†Ä‚†Ä‚†Ä‚†Ä‚†Ä‚†Ä‚†Ä‚†Ä
.‚†Ä‚†Ä‚†Ä‚†Ä‚†Ä‚†Ä‚†Ä‚†Ä‚†Ä
.‚†Ä‚†Ä‚†Ä‚†Ä‚†Ä‚†Ä‚†Ä‚†Ä‚†Ä
.‚†Ä‚†Ä‚†Ä‚†Ä‚†Ä‚†Ä‚†Ä‚†Ä‚†Ä
.‚†Ä‚†Ä‚†Ä‚†Ä‚†Ä‚†Ä‚†Ä‚†Ä‚†Ä
.‚†Ä‚†Ä‚†Ä‚†Ä‚†Ä‚†Ä‚†Ä‚†Ä‚†Ä
#Embroidery #HandEmbroidery #BordadoAMano #HandMade #MadeInMexico #HechoEnMexico #mexico",0,77,2352,2060,11
1.78778E+16,19/09/2020 12:03,6 Saturday,IMAGE,"‚ÄúLucho por un #MeÃÅxico #equitativo. ‚†Ä‚†Ä‚†Ä‚†Ä‚†Ä‚†Ä‚†Ä‚†Ä‚†Ä
‚†Ä‚†Ä‚†Ä‚†Ä‚†Ä‚†Ä‚†Ä‚†Ä‚†Ä
El verdadero #cambio estaÃÅ en nosotros, en las acciones de cada diÃÅa. Con las #acciones de cada persona podremos lograr el cambio que tanto buscamos. ‚†Ä‚†Ä‚†Ä‚†Ä‚†Ä‚†Ä‚†Ä‚†Ä‚†Ä
‚†Ä‚†Ä‚†Ä‚†Ä‚†Ä‚†Ä‚†Ä‚†Ä‚†Ä
Yo soy #mexicano y si quiero que MeÃÅxico sea distinto, el cambio empieza en #nosotros .‚Äù - Rafael  #XHINDOÃÅ #UnaPlayeraALaVez .‚†Ä‚†Ä‚†Ä‚†Ä‚†Ä‚†Ä‚†Ä‚†Ä‚†Ä
.‚†Ä‚†Ä‚†Ä‚†Ä‚†Ä‚†Ä‚†Ä‚†Ä‚†Ä
.‚†Ä‚†Ä‚†Ä‚†Ä‚†Ä‚†Ä‚†Ä‚†Ä‚†Ä
.‚†Ä‚†Ä‚†Ä‚†Ä‚†Ä‚†Ä‚†Ä‚†Ä‚†Ä
.‚†Ä‚†Ä‚†Ä‚†Ä‚†Ä‚†Ä‚†Ä‚†Ä‚†Ä
.‚†Ä‚†Ä‚†Ä‚†Ä‚†Ä‚†Ä‚†Ä‚†Ä‚†Ä
.‚†Ä‚†Ä‚†Ä‚†Ä‚†Ä‚†Ä‚†Ä‚†Ä‚†Ä
.‚†Ä‚†Ä‚†Ä‚†Ä‚†Ä‚†Ä‚†Ä‚†Ä‚†Ä
#Embroidery #HandEmbroidery #BordadoAMano #HandMade #MadeInMexico #HechoEnMexico #mexico",0,119,2546,2199,49
1.7862E+16,21/09/2020 18:01,1 Monday,IMAGE,"Las conexiones que hacemos son parte de nuestra historia, parte de lo que somos. 

Solo recordando que todos estamos conectados lograremos bordar historias y conectar corazones. 

S√© parte de nuestra comunidad y bordemos juntos este nuevo comienzo.",1,82,2767,2376,4
1.78517E+16,22/09/2020 11:41,2 Tuesday,CAROUSEL_ALBUM,"En Mexico existe una gran carencia de recursos y de falta de oportunidades para el pleno desarrollo de las personas que viven en comunidades rurales marginadas. 

En XhindoÃÅ, trabajamos con mujeres de comunidades rurales generando ingresos justos, potencializando sus habilidades y dotaÃÅndolas de herramientas y conocimientos. 

Queremos transformar las condiciones de las comunidades para lograr un desarrollo integral en ellas. 

(Pronto podraÃÅs conocer maÃÅs a profundidad nuestro modelo de impacto)üßµüå±

Ilustraciones: @sansmagnolia x XhindoÃÅ",5,70,2147,1885,15
1.78592E+16,23/09/2020 12:44,3 Wednesday,IMAGE,"Todos estamos conectados de alguna manera. 

Sigamos bordando historias y conectando con todo lo que nos rodea. üåøüßµ",2,76,2412,2052,7
1.78533E+16,27/09/2020 13:24,7 Sunday,IMAGE,"Creamos un nuevo dise√±o inspirados en la idea de que sin importar de d√≥nde vengamos o d√≥nde estemos, al final Todos Estamos Conectados.  #XHINDOÃÅ #UnaPlayeraALaVez‚†Ä‚†Ä‚†Ä‚†Ä‚†Ä‚†Ä‚†Ä‚†Ä‚†Ä
.‚†Ä‚†Ä‚†Ä‚†Ä‚†Ä‚†Ä‚†Ä‚†Ä‚†Ä
.‚†Ä‚†Ä‚†Ä‚†Ä‚†Ä‚†Ä‚†Ä‚†Ä‚†Ä
.‚†Ä‚†Ä‚†Ä‚†Ä‚†Ä‚†Ä‚†Ä‚†Ä‚†Ä
.‚†Ä‚†Ä‚†Ä‚†Ä‚†Ä‚†Ä‚†Ä‚†Ä‚†Ä
.‚†Ä‚†Ä‚†Ä‚†Ä‚†Ä‚†Ä‚†Ä‚†Ä‚†Ä
.‚†Ä‚†Ä‚†Ä‚†Ä‚†Ä‚†Ä‚†Ä‚†Ä‚†Ä
.‚†Ä‚†Ä‚†Ä‚†Ä‚†Ä‚†Ä‚†Ä‚†Ä‚†Ä
.‚†Ä‚†Ä‚†Ä‚†Ä‚†Ä‚†Ä‚†Ä‚†Ä‚†Ä
#Embroidery #HandEmbroidery #BordadoAMano #HandMade #MadeInMexico #HechoEnMexico #Mexico",0,33,1401,1212,6
1.78587E+16,29/09/2020 18:20,2 Tuesday,IMAGE,"Buscamos que la conexioÃÅn entre el cliente y la creadora, sea una conexioÃÅn maÃÅs profunda y personal. 
Por eso mismo, junto con tu playera recibes una carta de la creadora, para que puedas conocerla, su vida, su familia, sus aneÃÅcdotas. 
#XHINDOÃÅ #TodosEstamosConectados #UnaPlayeraALaVez 

.‚†Ä‚†Ä‚†Ä‚†Ä‚†Ä‚†Ä‚†Ä‚†Ä‚†Ä
.‚†Ä‚†Ä‚†Ä‚†Ä‚†Ä‚†Ä‚†Ä‚†Ä‚†Ä
.‚†Ä‚†Ä‚†Ä‚†Ä‚†Ä‚†Ä‚†Ä‚†Ä‚†Ä
.‚†Ä‚†Ä‚†Ä‚†Ä‚†Ä‚†Ä‚†Ä‚†Ä‚†Ä
.‚†Ä‚†Ä‚†Ä‚†Ä‚†Ä‚†Ä‚†Ä‚†Ä‚†Ä
.‚†Ä‚†Ä‚†Ä‚†Ä‚†Ä‚†Ä‚†Ä‚†Ä‚†Ä
.‚†Ä‚†Ä‚†Ä‚†Ä‚†Ä‚†Ä‚†Ä‚†Ä‚†Ä
#Embroidery #HandEmbroidery #BordadoAMano #HandMade #MadeInMexico #HechoEnMexico #mexico",0,171,2716,2155,10
1.79045E+16,01/10/2020 17:53,4 Thursday,IMAGE,"Queremos que t√∫ tambieÃÅn seas parte de nuestra comunidad XhindoÃÅ.
¬øSab√≠as que puedes responderle la carta a la creadora que bordoÃÅ tu playera? 
Si te gustariÃÅa escribirle algo, maÃÅndanos un DM y te explicamos c√≥mo.  #XHINDOÃÅ #TodosEstamosConectados #UnaPlayeraALaVez 

.‚†Ä‚†Ä‚†Ä‚†Ä‚†Ä‚†Ä‚†Ä‚†Ä‚†Ä
.‚†Ä‚†Ä‚†Ä‚†Ä‚†Ä‚†Ä‚†Ä‚†Ä‚†Ä
.‚†Ä‚†Ä‚†Ä‚†Ä‚†Ä‚†Ä‚†Ä‚†Ä‚†Ä
.‚†Ä‚†Ä‚†Ä‚†Ä‚†Ä‚†Ä‚†Ä‚†Ä‚†Ä
.‚†Ä‚†Ä‚†Ä‚†Ä‚†Ä‚†Ä‚†Ä‚†Ä‚†Ä
.‚†Ä‚†Ä‚†Ä‚†Ä‚†Ä‚†Ä‚†Ä‚†Ä‚†Ä
.‚†Ä‚†Ä‚†Ä‚†Ä‚†Ä‚†Ä‚†Ä‚†Ä‚†Ä
#Embroidery #HandEmbroidery #BordadoAMano #HandMade #MadeInMexico #HechoEnMexico #Mexico",2,52,1787,1599,3
1.78439E+16,03/10/2020 19:29,6 Saturday,IMAGE,"¬øYa tienes tu playera de nuestra nueva liÃÅnea?
 #XHINDOÃÅ #TodosEstamosConectados #UnaPlayeraALaVez 

.‚†Ä‚†Ä‚†Ä‚†Ä‚†Ä‚†Ä‚†Ä‚†Ä‚†Ä
.‚†Ä‚†Ä‚†Ä‚†Ä‚†Ä‚†Ä‚†Ä‚†Ä‚†Ä
.‚†Ä‚†Ä‚†Ä‚†Ä‚†Ä‚†Ä‚†Ä‚†Ä‚†Ä
.‚†Ä‚†Ä‚†Ä‚†Ä‚†Ä‚†Ä‚†Ä‚†Ä‚†Ä
.‚†Ä‚†Ä‚†Ä‚†Ä‚†Ä‚†Ä‚†Ä‚†Ä‚†Ä
.‚†Ä‚†Ä‚†Ä‚†Ä‚†Ä‚†Ä‚†Ä‚†Ä‚†Ä
.‚†Ä‚†Ä‚†Ä‚†Ä‚†Ä‚†Ä‚†Ä‚†Ä‚†Ä
#Embroidery #HandEmbroidery #BordadoAMano #HandMade #MadeInMexico #HechoEnMexico #Mexico",0,90,1563,1398,6
1.81188E+16,05/10/2020 18:36,1 Monday,IMAGE,"Nueva Playera Todos Estamos Conectados 
 #XHINDOÃÅ #TodosEstamosConectados #UnaPlayeraALaVez 

.‚†Ä‚†Ä‚†Ä‚†Ä‚†Ä‚†Ä‚†Ä‚†Ä‚†Ä
.‚†Ä‚†Ä‚†Ä‚†Ä‚†Ä‚†Ä‚†Ä‚†Ä‚†Ä
.‚†Ä‚†Ä‚†Ä‚†Ä‚†Ä‚†Ä‚†Ä‚†Ä‚†Ä
.‚†Ä‚†Ä‚†Ä‚†Ä‚†Ä‚†Ä‚†Ä‚†Ä‚†Ä
.‚†Ä‚†Ä‚†Ä‚†Ä‚†Ä‚†Ä‚†Ä‚†Ä‚†Ä
.‚†Ä‚†Ä‚†Ä‚†Ä‚†Ä‚†Ä‚†Ä‚†Ä‚†Ä
.‚†Ä‚†Ä‚†Ä‚†Ä‚†Ä‚†Ä‚†Ä‚†Ä‚†Ä
#Embroidery #HandEmbroidery #BordadoAMano #HandMade #MadeInMexico #HechoEnMexico #Mexico",3,56,1019,903,0
1.78623E+16,15/10/2020 15:52,4 Thursday,IMAGE,"Nuevos productos, nueva liÃÅnea, nueva imagen.  #XHINDOÃÅ #TodosEstamosConectados #UnaPlayeraALaVez 

.‚†Ä‚†Ä‚†Ä‚†Ä‚†Ä‚†Ä‚†Ä‚†Ä‚†Ä
.‚†Ä‚†Ä‚†Ä‚†Ä‚†Ä‚†Ä‚†Ä‚†Ä‚†Ä
.‚†Ä‚†Ä‚†Ä‚†Ä‚†Ä‚†Ä‚†Ä‚†Ä‚†Ä
.‚†Ä‚†Ä‚†Ä‚†Ä‚†Ä‚†Ä‚†Ä‚†Ä‚†Ä
.‚†Ä‚†Ä‚†Ä‚†Ä‚†Ä‚†Ä‚†Ä‚†Ä‚†Ä
.‚†Ä‚†Ä‚†Ä‚†Ä‚†Ä‚†Ä‚†Ä‚†Ä‚†Ä
.‚†Ä‚†Ä‚†Ä‚†Ä‚†Ä‚†Ä‚†Ä‚†Ä‚†Ä
#Embroidery #HandEmbroidery #BordadoAMano #HandMade #MadeInMexico #HechoEnMexico #Mexico",5,128,2272,2038,6
1.79812E+16,16/10/2020 17:28,5 Friday,IMAGE,"Inspirados en unos ninÃÉos jugando con confeti, nos unimos junto con @infal_ac en la creacioÃÅn de estas playeras para la recaudacioÃÅn de fondos para casas hogares.

Fotos: @jackruba_photo #XHINDOÃÅ  #UnaPlayeraALaVez 

.‚†Ä‚†Ä‚†Ä‚†Ä‚†Ä‚†Ä‚†Ä‚†Ä‚†Ä
.‚†Ä‚†Ä‚†Ä‚†Ä‚†Ä‚†Ä‚†Ä‚†Ä‚†Ä
.‚†Ä‚†Ä‚†Ä‚†Ä‚†Ä‚†Ä‚†Ä‚†Ä‚†Ä
.‚†Ä‚†Ä‚†Ä‚†Ä‚†Ä‚†Ä‚†Ä‚†Ä‚†Ä
.‚†Ä‚†Ä‚†Ä‚†Ä‚†Ä‚†Ä‚†Ä‚†Ä‚†Ä
.‚†Ä‚†Ä‚†Ä‚†Ä‚†Ä‚†Ä‚†Ä‚†Ä‚†Ä
.‚†Ä‚†Ä‚†Ä‚†Ä‚†Ä‚†Ä‚†Ä‚†Ä‚†Ä
#Embroidery #HandEmbroidery #BordadoAMano #HandMade #MadeInMexico #HechoEnMexico #Mexico",1,90,2147,1872,7
1.81199E+16,19/10/2020 14:59,1 Monday,IMAGE,"Decidimos unirnos con @infal_ac para multiplicar nuestro impacto. En la compra de tu playera, ademaÃÅs de ayudar a las creadoras, 10% de la venta se destinaraÃÅ para la recuperacioÃÅn de banÃÉos de una casa hogar. 

Fotos: @jackruba_photo #XHINDOÃÅ  #UnaPlayeraALaVez 

.‚†Ä‚†Ä‚†Ä‚†Ä‚†Ä‚†Ä‚†Ä‚†Ä‚†Ä
.‚†Ä‚†Ä‚†Ä‚†Ä‚†Ä‚†Ä‚†Ä‚†Ä‚†Ä
.‚†Ä‚†Ä‚†Ä‚†Ä‚†Ä‚†Ä‚†Ä‚†Ä‚†Ä
.‚†Ä‚†Ä‚†Ä‚†Ä‚†Ä‚†Ä‚†Ä‚†Ä‚†Ä
.‚†Ä‚†Ä‚†Ä‚†Ä‚†Ä‚†Ä‚†Ä‚†Ä‚†Ä
.‚†Ä‚†Ä‚†Ä‚†Ä‚†Ä‚†Ä‚†Ä‚†Ä‚†Ä
.‚†Ä‚†Ä‚†Ä‚†Ä‚†Ä‚†Ä‚†Ä‚†Ä‚†Ä
#Embroidery #HandEmbroidery #BordadoAMano #HandMade #MadeInMexico #HechoEnMexico #mexico",2,83,2199,1870,1
1.78948E+16,21/10/2020 16:19,3 Wednesday,IMAGE,"Ay√∫danos a multiplicar el impacto con las playeras de colaboraci√≥n con @infal_ac apoyando a una casa hogar. ¬øYa tienes la tuya?

Fotos: @jackruba_photo #XHINDOÃÅ  #UnaPlayeraALaVez 

.‚†Ä‚†Ä‚†Ä‚†Ä‚†Ä‚†Ä‚†Ä‚†Ä‚†Ä
.‚†Ä‚†Ä‚†Ä‚†Ä‚†Ä‚†Ä‚†Ä‚†Ä‚†Ä
.‚†Ä‚†Ä‚†Ä‚†Ä‚†Ä‚†Ä‚†Ä‚†Ä‚†Ä
.‚†Ä‚†Ä‚†Ä‚†Ä‚†Ä‚†Ä‚†Ä‚†Ä‚†Ä
.‚†Ä‚†Ä‚†Ä‚†Ä‚†Ä‚†Ä‚†Ä‚†Ä‚†Ä
.‚†Ä‚†Ä‚†Ä‚†Ä‚†Ä‚†Ä‚†Ä‚†Ä‚†Ä
.‚†Ä‚†Ä‚†Ä‚†Ä‚†Ä‚†Ä‚†Ä‚†Ä‚†Ä
#Embroidery #HandEmbroidery #BordadoAMano #HandMade #MadeInMexico #HechoEnMexico #mexico",1,42,1447,1309,0
1.78874E+16,26/10/2020 19:07,1 Monday,IMAGE,"üî•GIVEAWAYüî•
.
Para todas las almas aventureras, artiÃÅsticas y que aman apoyar el talento mexicano: tenemos para ti esta recopilacioÃÅn de regalos increiÃÅbles ü§©
.
Te queremos regalar:
üßµ 2 playeras bordadas por artesanas de Hidalgo de la marca @xhindomx
üé® 1 print enmarcado + 1 case pintado a mano a elegir de la artista @melissagomezmx
‚úàÔ∏è 1 mochila de 10L + 1 playera de #travelteering + 1 kit pinta tu alebrije tallado por artesanos de Oaxaca + 10% de descuento en un viaje de @tierradeartistas.
.
Lo uÃÅnico que tienes que hacer es:
1Ô∏è‚É£Seguir a las 3 cuentas en instagram: @xhindomx, @melissagomezmx y @tierradeartistas.
2Ô∏è‚É£Darle like a esta publicacioÃÅn
3Ô∏è‚É£Etiquetar a 1 persona por comentario
.
¬°Buena suerte! ü•≥ El giveaway finaliza el 9 de noviembre y se anuncia el ganador(a) al siguiente diÃÅa.
.
*El enviÃÅo del premio se haraÃÅ al interior de la RepuÃÅblica Mexicana.
*El descuento en el viaje de Tierra de Artistas aplica para todo el 2021 y no es acumulable con otras promociones.
.
Este giveaway no estaÃÅ relacionado con Instagram.",2250,70,2059,1787,2
